ID,Title,Cmd Line
14016393988,MEM_EV_EMR_DDR5_RMT_SLOW_COLD_RESET_5600,python harness_main.py --test BSSA_RMT_COLD_RESET bdat=True bios_knobs_cfg=rmt_EMR_5600_Slow rmt_reset_count=10 --subsystem=MSS
14016397256,MEM_EV_EMR_DDR5_RMT_SLOW_COLD_RESET_5200,python harness_main.py --test BSSA_RMT_COLD_RESET bdat=True bios_knobs_cfg=rmt_EMR_5200_Slow rmt_reset_count=10 --subsystem=MSS
14016397328,MEM_EV_EMR_DDR5_RMT_SLOW_COLD_RESET_4800,python harness_main.py --test BSSA_RMT_COLD_RESET bdat=True bios_knobs_cfg=rmt_EMR_4800_Slow rmt_reset_count=10 --subsystem=MSS
14016397857,MEM_EV_EMR_DDR5_RMT_SLOW_COLD_RESET_4400,python harness_main.py --test BSSA_RMT_COLD_RESET bdat=True bios_knobs_cfg=rmt_EMR_4400_Slow rmt_reset_count=10 --subsystem=MSS
14016398159,MEM_EV_EMR_DDR5_RMT_FAST_COLD_RESET_5600,python harness_main.py --test BSSA_RMT_COLD_RESET bdat=True bios_knobs_cfg=rmt_EMR_5600_Fast rmt_reset_count=10 --subsystem=MSS
14016398184,MEM_EV_EMR_DDR5_RMT_FAST_COLD_RESET_5200,python harness_main.py --test BSSA_RMT_COLD_RESET bdat=True bios_knobs_cfg=rmt_EMR_5200_Fast rmt_reset_count=10 --subsystem=MSS
14016398226,MEM_EV_EMR_DDR5_RMT_FAST_COLD_RESET_4800,python harness_main.py --test BSSA_RMT_COLD_RESET bdat=True bios_knobs_cfg=rmt_EMR_4800_Fast rmt_reset_count=10 --subsystem=MSS
14016398273,MEM_EV_EMR_DDR5_RMT_FAST_COLD_RESET_4400,python harness_main.py --test BSSA_RMT_COLD_RESET bdat=True bios_knobs_cfg=rmt_EMR_4400_Fast rmt_reset_count=10 --subsystem=MSS
14016398367,MEM_EV_EMR_DDR5_RMT_SLOW_WARM_RESET_5600,python harness_main.py --test BSSA_RMT_WARM_RESET bdat=True bios_knobs_cfg=rmt_EMR_5600_Slow rmt_reset_count=10 --subsystem=MSS
14016398419,MEM_EV_EMR_DDR5_RMT_SLOW_WARM_RESET_5200,python harness_main.py --test BSSA_RMT_WARM_RESET bdat=True bios_knobs_cfg=rmt_EMR_5200_Slow rmt_reset_count=10 --subsystem=MSS
14016398452,MEM_EV_EMR_DDR5_RMT_SLOW_WARM_RESET_4800,python harness_main.py --test BSSA_RMT_WARM_RESET bdat=True bios_knobs_cfg=rmt_EMR_4800_Slow rmt_reset_count=10 --subsystem=MSS
14016398482,MEM_EV_EMR_DDR5_RMT_SLOW_WARM_RESET_4400,python harness_main.py --test BSSA_RMT_WARM_RESET bdat=True bios_knobs_cfg=rmt_EMR_4400_Slow rmt_reset_count=10 --subsystem=MSS
14018720086,DM_MEM_LOCK_STRESS-native-SNC_disabled,python harness_main.py --subsystem=MSS --test MixedWorkload sync_tools=dm_mem bios_knobs_cfg=Snc_Disabled test_config_dm=mem_lock_stress.cfg test_name=mem_lock_stress --regular_itp_unlock --machinecheckbreak
16015947961,MEM_LMBENCH-001-native-SNC2,"python harness_main.py --test_config LMBENCH.JSON --test GenericWorkload wl_test_name=LMBENCH-001 extra_json_params=""[_main_test,stage_run_lmbench,--test=LMBENCH-001]"" bios_knobs_cfg=SNC2 --subsystem=MSS"
16015947964,MEM_LMBENCH-001-native-SNC_disabled,"python harness_main.py --test_config LMBENCH.JSON --test GenericWorkload wl_test_name=LMBENCH-001 extra_json_params=""[_main_test,stage_run_lmbench,--test=LMBENCH-001]"" bios_knobs_cfg=SNC_disabled --subsystem=MSS"
16015987789,MEM_REDIS-001-native-SNC_disabled,"python harness_main.py --test_config MEM-REDIS.JSON --test GenericWorkload wl_test_name=MEM-REDIS-001 extra_json_params=""[_main_test,stage_run_redis,--test=MEM-REDIS-001]""  bios_knobs_cfg=SNC_disabled --subsystem=MSS"
16016004002,MEM_KVMMIXES-009-native-SNC_disabled,"python harness_main.py --test_config KVM-MIX.JSON --test GenericWorkload sync_tools=mlc,stream wl_test_name=MEM-KVMMIXES-009  extra_json_params=""[_main_test,stage_run_kvm_mix, --mode=LM2 --os=CENTOS --vm_mix_type=3 --vm_password=intel123]"" bios_knobs_cfg=SNC_disabled --subsystem=MSS"
16016004007,MEM_KVMSCHMOO-001-native-SNC_disabled,"python harness_main.py   --test_config KVM-SCHMOO.JSON --test GenericWorkload sync_tools=mlc,stream wl_test_name=MEM-KVMSCHMOO-001 extra_json_params=""[_main_test,stage_run_kvm_schmoo, --time=120 --os=CENTOS --mode=LM2 --workload=MLC --apply_WA --vm_password=intel123 ]"" bios_knobs_cfg=SNC_disabled --subsystem=MSS"
16016004038,MEM_KVMMIXES-005-native-SNC_disabled,"python harness_main.py --test_config KVM-MIX.JSON --test GenericWorkload sync_tools=mlc,stream wl_test_name=MEM-KVMMIXES-005 extra_json_params=""[_main_test,stage_run_kvm_mix, --mode=LM2 --os=CENTOS --vm_mix_type=1 --vm_password=intel123]"" bios_knobs_cfg=SNC_disabled --subsystem=MSS"
16016004060,MEM_KVMMIXES-006-native-SNC_disabled,"python harness_main.py --test_config KVM-MIX.JSON --test GenericWorkload sync_tools=mlc,stream wl_test_name=MEM-KVMMIXES-006 extra_json_params=""[_main_test,stage_run_kvm_mix, --mode=LM2 --os=CENTOS --vm_mix_type=2 --vm_password=intel123]"" bios_knobs_cfg=SNC_disabled --subsystem=MSS"
16016037963,MEM_HPCG-002-native-SNC2,"python harness_main.py   --test_config mem_hpcg.json --test GenericWorkload wl_test_name=MEM-HPCG-002 extra_json_params=""[_main_test,stage_run_hpcg, --test=MEM-HPCG-002]"" bios_knobs_cfg=SNC2 --subsystem=MSS"
16016037986,MEM_HPCG-002-native-SNC_disabled,"python harness_main.py   --test_config mem_hpcg.json --test GenericWorkload wl_test_name=MEM-HPCG-002 extra_json_params=""[_main_test,stage_run_hpcg, --test=MEM-HPCG-002]"" bios_knobs_cfg=SNC_disabled --subsystem=MSS"
16016039559,MEM_HPCG-003-native-SNC2,"python harness_main.py   --test_config mem_hpcg.json --test GenericWorkload wl_test_name=MEM-HPCG-003 extra_json_params=""[_main_test,stage_run_hpcg, --test=MEM-HPCG-003]"" bios_knobs_cfg=SNC2 --subsystem=MSS"
16016039570,MEM_HPCG-003-native-SNC_disabled,"python harness_main.py   --test_config mem_hpcg.json --test GenericWorkload wl_test_name=MEM-HPCG-003 extra_json_params=""[_main_test,stage_run_hpcg, --test=MEM-HPCG-003]"" bios_knobs_cfg=SNC_disabled --subsystem=MSS"
16016040347,MEM_LINPACK-001-native-SNC2,"python harness_main.py   --test_config mem_linpack001.json --test GenericWorkload wl_test_name=MEM_LINPACK001 extra_json_params=""[_main_test,stage_run_linpck, --test=MEM_LINPACK001]"" bios_knobs_cfg=SNC2 --subsystem=MSS"
16016040353,MEM_LINPACK-001-native-SNC_disabled,"python harness_main.py   --test_config mem_linpack001.json --test GenericWorkload wl_test_name=MEM_LINPACK001 extra_json_params=""[_main_test,stage_run_linpck, --test=MEM_LINPACK001]"" bios_knobs_cfg=SNC_disabled --subsystem=MSS"
16016042115,MEM_SAP-PbOffline-001-native-SNC2,"harness_main.py   --test_config MEM-HANA.JSON --test GenericWorkload wl_test_name=MEM-SAP-PBOFFLINE-001 extra_json_params=""[_main_test,stage_run_hana, --test=MEM-SAP-PBOFFLINE-001]"" bios_knobs_cfg=SNC2 --subsystem=MSS"
16016042130,MEM_SAP-PbOffline-002-native-SNC_disabled,"python harness_main.py   --test_config MEM-HANA.JSON --test GenericWorkload wl_test_name=MEM-SAP-PBOFFLINE-002 extra_json_params=""[_main_test,stage_run_hana, --test=MEM-SAP-PBOFFLINE-002]"" bios_knobs_cfg=SNC_disabled --subsystem=MSS"
16016042151,MEM_SAP-PbOffline-003-native-SNC_disabled,"python harness_main.py   --test_config MEM-HANA.JSON --test GenericWorkload wl_test_name=MEM-SAP-PBOFFLINE-003 extra_json_params=""[_main_test,stage_run_hana, --test=MEM-SAP-PBOFFLINE-003]"" bios_knobs_cfg=SNC_disabled --subsystem=MSS"
16016042165,MEM_SAP-PbOffline-002-native-SNC2,"python harness_main.py   --test_config MEM-HANA.JSON --test GenericWorkload wl_test_name=MEM-SAP-PBOFFLINE-002 extra_json_params=""[_main_test,stage_run_hana, --test=MEM-SAP-PBOFFLINE-002]"" bios_knobs_cfg=SNC2 --subsystem=MSS"
16016042168,MEM_SAP-PbOffline-003-native-SNC2,"python harness_main.py   --test_config MEM-HANA.JSON --test GenericWorkload wl_test_name=MEM-SAP-PBOFFLINE-003 extra_json_params=""[_main_test,stage_run_hana, --test=MEM-SAP-PBOFFLINE-003]"" bios_knobs_cfg=SNC2 --subsystem=MSS"
16016042169,MEM_INSTLAT-001-native-SNC_disabled,"python harness_main.py --test_config MEM-INSTLATBW.json --test GenericWorkload wl_test_name=MEM-INSTLATBW-001 extra_json_params=""[_main_test,stage_run_instlat,--test=MEM-INSTLATBW-001]"" bios_knobs_cfg=SNC_disabled --subsystem=MSS"
16016042190,MEM_INSTLAT-001-native-SNC2,"python harness_main.py --test_config MEM-INSTLATBW.json --test GenericWorkload wl_test_name=MEM-INSTLATBW-001 extra_json_params=""[_main_test,stage_run_instlat,--test=MEM-INSTLATBW-001]"" bios_knobs_cfg=SNC2 --subsystem=MSS"
16016042338,MEM_SAP-PbOffline-001-native-SNC_disabled,"python harness_main.py   --test_config MEM-HANA.JSON --test GenericWorkload wl_test_name=MEM-SAP-PBOFFLINE-001 extra_json_params=""[_main_test,stage_run_hana, --test=MEM-SAP-PBOFFLINE-001]"" bios_knobs_cfg=SNC_disabled --subsystem=MSS"
16016048600,MEM_HPCG-004-native-SNC4,"python harness_main.py   --test_config mem_hpcg.json --test GenericWorkload wl_test_name=MEM-HPCG-004 extra_json_params=""[_main_test,stage_run_hpcg, --test=MEM-HPCG-004]"" bios_knobs_cfg=SNC4 --subsystem=MSS"
16016048601,MEM_HPCG-004-native-SNC2,"python harness_main.py   --test_config mem_hpcg.json --test GenericWorkload wl_test_name=MEM-HPCG-004 extra_json_params=""[_main_test,stage_run_hpcg, --test=MEM-HPCG-004]"" bios_knobs_cfg=SNC2 --subsystem=MSS"
16016055399,MEM_STRESSNG-001-native-ScrambleEn_disabled,"python harness_main.py --test_config STRESSNG.JSON --test GenericWorkload wl_test_name=STRESS-NG-001 extra_json_params=""[_main_test,stage_run_stressng,--test=MEM-STRESSNG-001 --mode=1 --duration=4h --memory=80% --cpu=100%]"" bios_knobs_cfg=ScrambleEn_disabled --subsystem=MSS"
16016055413,MEM_STRESSNG-002-native-ScrambleEn_disabled,"python harness_main.py --test_config STRESSNG.JSON --test GenericWorkload wl_test_name=STRESS-NG-002 extra_json_params=""[_main_test,stage_run_stressng,--test=MEM-STRESSNG-002 --mode=1 --duration=4h --memory=80% --cpu=100%]"" bios_knobs_cfg=ScrambleEn_disabled --subsystem=MSS"
16016055527,MEM_STRESSNG-003-native-SNC_disabled,"python harness_main.py --test_config STRESSNG.JSON --test GenericWorkload wl_test_name=STRESS-NG-003 extra_json_params=""[_main_test,stage_run_stressng,--test=MEM-STRESSNG-003 --mode=1 --duration=4h --memory=80% --cpu=100%]"" bios_knobs_cfg=SNC_disabled --subsystem=MSS"
16016055555,MEM_STRESSNG-004-native-SNC_disabled,"python harness_main.py --test_config STRESSNG.JSON --test GenericWorkload wl_test_name=STRESS-NG-004  extra_json_params=""[_main_test,stage_run_stressng,--test=MEM-STRESSNG-004 --mode=1 --duration=4h --memory=80% --cpu=100%]"" bios_knobs_cfg=SNC_disabled --subsystem=MSS"
16016055593,MEM_STRESSNG-005-native-SNC_disabled,"python harness_main.py --test_config STRESSNG.JSON --test GenericWorkload wl_test_name=STRESS-NG-005 extra_json_params=""[_main_test,stage_run_stressng,--test=MEM-STRESSNG-005 --mode=1 --duration=4h --memory=80% --cpu=100%]"" bios_knobs_cfg=SNC_disabled --subsystem=MSS"
16016055626,MEM_STRESSNG-010-native-SNC_disabled,"python harness_main.py --test_config STRESSNG.JSON --test GenericWorkload wl_test_name=STRESS-NG-010 extra_json_params=""[_main_test,stage_run_stressng,--test=MEM-STRESSNG-010 --mode=1 --duration=4h --memory=80% --cpu=100%]"" bios_knobs_cfg=SNC_disabled --subsystem=MSS"
16016055644,MEM_STRESSNG-006-native-SNC_disabled,"python harness_main.py --test_config STRESSNG.JSON --test GenericWorkload  wl_test_name=STRESS-NG-006 extra_json_params=""[_main_test,stage_run_stressng,--test=MEM-STRESSNG-006 --mode=1 --duration=4h --memory=80% --cpu=100%]"" bios_knobs_cfg=SNC_disabled --subsystem=MSS"
16016055663,MEM_STRESSNG-007-native-SNC_disabled,"python harness_main.py --test_config STRESSNG.JSON --test GenericWorkload  wl_test_name=STRESS-NG-007 extra_json_params=""[_main_test,stage_run_stressng,--test=MEM-STRESSNG-007 --mode=1 --duration=4h --memory=80% --cpu=100%]"" bios_knobs_cfg=SNC_disabled --subsystem=MSS"
16016067860,MEM_STREAM-001-native-SNC2,"python harness_main.py   --test_config mem_stream.json --test GenericWorkload wl_test_name=MEM-STREAM-001 extra_json_params=""[_main_test,stage_run_stream, --test=MEM-STREAM-001]"" bios_knobs_cfg=SNC2 --subsystem=MSS"
16016067861,MEM_STREAM-001-native-SNC4,"python harness_main.py   --test_config mem_stream.json --test GenericWorkload wl_test_name=MEM-STREAM-001 extra_json_params=""[_main_test,stage_run_stream, --test=MEM-STREAM-001]"" bios_knobs_cfg=SNC4 --subsystem=MSS"
16016067863,MEM_STREAM-001-native-SNC_disabled,"python harness_main.py   --test_config mem_stream.json --test GenericWorkload wl_test_name=MEM-STREAM-001 extra_json_params=""[_main_test,stage_run_stream, --test=MEM-STREAM-001]"" bios_knobs_cfg=SNC_disabled --subsystem=MSS"
16016068339,MEM_LINPACK-002-native-SNC2,"python harness_main.py   --test_config mem_linpack002.json --test GenericWorkload wl_test_name=MEM_LINPACK002 extra_json_params=""[_main_test,stage_run_linpack, --test=MEM_LINPACK002]"" bios_knobs_cfg=SNC2 --subsystem=MSS"
16016068340,MEM_LINPACK-002-native-SNC_disabled,"python harness_main.py   --test_config mem_linpack002.json --test GenericWorkload wl_test_name=MEM_LINPACK002 extra_json_params=""[_main_test,stage_run_linpack, --test=MEM_LINPACK002]"" bios_knobs_cfg=SNC_disabled --subsystem=MSS"
16016068343,MEM_LINPACK-002-native-SNC4,"python harness_main.py   --test_config mem_linpack002.json --test GenericWorkload wl_test_name=MEM_LINPACK002 extra_json_params=""[_main_test,stage_run_linpack, --test=MEM_LINPACK002]"" bios_knobs_cfg=SNC4 --subsystem=MSS"
16016285374,MEM_OS_SHUTDOWN_CYCLE-native-SNC2,python harness_main.py   --test OS_SHUTDOWN_CYCLE bios_knobs_cfg=SNC2 --subsystem=MSS
16016285427,MEM_OS_SHUTDOWN_CYCLE-native-SNC_disabled,python harness_main.py --test OS_SHUTDOWN_CYCLE bios_knobs_cfg=SNC_disabled --subsystem=MSS
16016285522,MEM_OS_REBOOT_CYCLE-native-SNC2,python harness_main.py   --test OS_REBOOT_CYCLE bios_knobs_cfg=SNC2 --subsystem=MSS
16016285543,MEM_OS_SHUTDOWN_CYCLE_SLOW-native-SNC_disabled,"python harness_main.py --test OS_SHUTDOWN_CYCLE bios_knobs=AttemptFastBoot:0x0,AttemptFastBootCold:0x0 bios_knobs_cfg=SNC_disabled --subsystem=MSS"
16016285546,MEM_OS_IDLE-native-SNC_disabled,python harness_main.py --test OS_IDLE bios_knobs_cfg=SNC_disabled --subsystem=MSS
16016285551,MEM_OS_IDLE-native-SNC2,python harness_main.py --test OS_IDLE bios_knobs_cfg=SNC2 --subsystem=MSS
16016285616,MEM_OS_REBOOT_CYCLE-native-SNC_disabled,python harness_main.py --test OS_REBOOT_CYCLE bios_knobs_cfg=SNC_disabled --subsystem=MSS
16016285628,MEM_OS_SHUTDOWN_CYCLE_SLOW-native-SNC2_Default,"python harness_main.py --test OS_SHUTDOWN_CYCLE bios_knobs=AttemptFastBoot:0x0,AttemptFastBootCold:0x0 --subsystem=MSS"
16016285666,MEM_OS_REBOOT_CYCLE_SLOW-native-SNC_disabled,"python harness_main.py --test OS_REBOOT_CYCLE bios_knobs=AttemptFastBoot:0x0,AttemptFastBootCold:0x0 bios_knobs_cfg=SNC_disabled --subsystem=MSS"
16016285721,MEM_OS_REBOOT_CYCLE_SLOW-native-SNC2_Default,"python harness_main.py   --test OS_REBOOT_CYCLE bios_knobs=AttemptFastBoot:0x0,AttemptFastBootCold:0x0 --subsystem=MSS"
16016303714,MEM_AC_CYCLE_IDLE_SLOW_BOOT-native-SNC2_Default,"python harness_main.py --test AC_CYCLE_AT_IDLE bios_knobs=AttemptFastBoot:0x0,AttemptFastBootCold:0x0 --subsystem=MSS"
16016303716,MEM_AC_CYCLE_IDLE-native-SNC_disabled,python harness_main.py --test AC_CYCLE_AT_IDLE bios_knobs_cfg=SNC_disabled --subsystem=MSS
16016303733,MEM_AC_CYCLE_IDLE-native-SNC2,python harness_main.py --test AC_CYCLE_AT_IDLE bios_knobs_cfg=SNC2 --subsystem=MSS
16016303770,MEM_AC_CYCLE_IDLE_SLOW_BOOT-native-SNC_disabled,"python harness_main.py --test AC_CYCLE_AT_IDLE bios_knobs=AttemptFastBoot:0x0,AttemptFastBootCold:0x0 bios_knobs_cfg=SNC_disabled --subsystem=MSS"
16016352258,MEM_ClearCMOS-native-SNC_disabled,python harness_main.py --test CLEAR_CMOS bios_knobs_cfg=SNC_disabled --subsystem=MSS
16016352269,MEM_ClearCMOS-native-SNC2,python harness_main.py --test CLEAR_CMOS bios_knobs_cfg=SNC2 --subsystem=MSS
16016661839,MEM_AC_CYCLE_AT_ACTIVE-native-SNC_disabled,python harness_main.py --test AC_CYCLE_AT_ACTIVE bios_knobs_cfg=SNC_disabled --subsystem=MSS
16017135200,MEM_INSTLAT-003-native-SNC2,"python harness_main.py --test_config MEM-INSTLATBW.json --test GenericWorkload wl_test_name=MEM-INSTLATBW-003 extra_json_params=""[_main_test,stage_run_instlat,--test=MEM-INSTLATBW-003]"" bios_knobs_cfg=SNC2 --subsystem=MSS"
16017135212,MEM_INSTLAT-003-native-SNC_disabled,"python harness_main.py --test_config MEM-INSTLATBW.json --test GenericWorkload wl_test_name=MEM-INSTLATBW-003 extra_json_params=""[_main_test,stage_run_instlat,--test=MEM-INSTLATBW-003]"" bios_knobs_cfg=SNC_disabled --subsystem=MSS"
16017282665,MEM_SPECJBB-002-native-SNC2,"python harness_main.py --test_config MEM-SPECJBB.JSON --test GenericWorkload wl_test_name=MEM-SPECJBB-002 extra_json_params=""[_main_test,stage_run_specjbb,--test=MEM-SPECJBB-002]"" bios_knobs_cfg=SNC2 --subsystem=MSS"
16017282666,MEM_SPECJBB-001-native-SNC2,"python harness_main.py --test_config MEM-SPECJBB.JSON --test GenericWorkload wl_test_name=MEM-SPECJBB-001 extra_json_params=""[_main_test,stage_run_specjbb,--test=MEM-SPECJBB-001]"" bios_knobs_cfg=SNC2 --subsystem=MSS"
16017282667,MEM_SPECJBB-002-native-SNC_disabled,"python harness_main.py --test_config MEM-SPECJBB.JSON --test GenericWorkload wl_test_name=MEM-SPECJBB-002 extra_json_params=""[_main_test,stage_run_specjbb,--test=MEM-SPECJBB-002]"" bios_knobs_cfg=SNC_disabled --subsystem=MSS"
16017282668,MEM_SPECJBB-001-native-SNC_disabled,"python harness_main.py --test_config MEM-SPECJBB.JSON --test GenericWorkload wl_test_name=MEM-SPECJBB-001 extra_json_params=""[_main_test,stage_run_specjbb,--test=MEM-SPECJBB-001]"" bios_knobs_cfg=SNC_disabled --subsystem=MSS"
16017996353,MEM-Cross_socket-STRESSAPPTEST-001,"python harness_main.py --test_config MEM-STRESSAPPTEST.JSON --test GenericWorkload wl_test_name=MEM-STRESSAPPTEST-001 extra_json_params=""[_main_test,stage_run_stressapptest,--test=MEM-STRESSAPPTEST-001]"" bios_knobs_cfg=xskt_uma --subsystem=MSS"
16017996358,MEM-Cross_socket-STRESSAPPTEST-004,"python harness_main.py --test_config MEM-STRESSAPPTEST.JSON --test GenericWorkload wl_test_name=MEM-STRESSAPPTEST-004 extra_json_params=""[_main_test,stage_run_stressapptest,--test=MEM-STRESSAPPTEST-004]"" bios_knobs_cfg=xskt_uma --subsystem=MSS"
16017996370,MEM-Cross_socket-STRESSAPPTEST-002,"python harness_main.py --test_config MEM-STRESSAPPTEST.JSON --test GenericWorkload wl_test_name=MEM-STRESSAPPTEST-002 extra_json_params=""[_main_test,stage_run_stressapptest,--test=MEM-STRESSAPPTEST-002]"" bios_knobs_cfg=xskt_uma --subsystem=MSS"
16018031344,MEM-Cross_socket-KVMMIXES-003,"python harness_main.py   --test_config KVM-MIX.JSON --test GenericWorkload sync_tools=mlc,stream wl_test_name=MEM-KVMMIXES-003 extra_json_params=""[_main_test,stage_run_kvm_mix, --mode=LM2 --os=CENTOS --vm_mix_type=3 --vm_password=intel123]"" bios_knobs_cfg=xskt_uma --subsystem=MSS"
16018031347,MEM-Cross_socket-KVMSCHMOO-001,"python harness_main.py   --test_config KVM-SCHMOO.JSON --test GenericWorkload sync_tools=mlc,stream wl_test_name=MEM-KVMSCHMOO-001 extra_json_params=""[_main_test,stage_run_kvm_schmoo, --time=120 --os=CENTOS --mode=LM2 --workload=MLC --apply_WA --vm_password=intel123]"" bios_knobs_cfg=xskt_uma --subsystem=MSS"
16018031348,MEM-Cross_socket-KVMMIXES-001,"python harness_main.py   --test_config KVM-MIX.JSON --test GenericWorkload sync_tools=mlc,stream wl_test_name=MEM-KVMMIXES-001 extra_json_params=""[_main_test,stage_run_kvm_mix, --mode=LM2 --os=CENTOS --vm_mix_type=1 --vm_password=intel123]"" bios_knobs_cfg=xskt_uma --subsystem=MSS"
16018031349,MEM-Cross_socket-KVMMIXES-002,"python harness_main.py   --test_config KVM-MIX.JSON --test GenericWorkload sync_tools=mlc,stream wl_test_name=MEM-KVMMIXES-002 extra_json_params=""[_main_test,stage_run_kvm_mix, --mode=LM2 --os=CENTOS --vm_mix_type=2 --vm_password=intel123]"" bios_knobs_cfg=xskt_uma --subsystem=MSS"
16018411118,MEM_REDIS-001-native-SNC2,"python harness_main.py  --test_config MEM-REDIS.JSON --test GenericWorkload wl_test_name=MEM-REDIS-001 extra_json_params=""[_main_test,stage_run_redis,--test=MEM-REDIS-001]"" bios_knobs_cfg=SNC2 --subsystem=MSS"
16019003184,MEM_ilVSS-Memory-Stress-native-SNC_disabled,"python harness_main.py --test_config MEM-ILVSS.json --test GenericWorkload wl_test_name=ILVSS bios_knobs_cfg=SNC_disabled extra_json_params=[_main_test,stage_run_ilvss] --subsystem=MSS"
16019039782,MEM_AC_CYCLE_AT_ACTIVE-native-SNC2_Default,python harness_main.py --test AC_CYCLE_AT_ACTIVE --subsystem=MSS
16019069595,MEM_HPCG-004-native-SNC_disabled,"python harness_main.py   --test_config mem_hpcg.json --test GenericWorkload wl_test_name=MEM-HPCG-004 extra_json_params=""[_main_test,stage_run_hpcg, --test=MEM-HPCG-004]"" bios_knobs_cfg=SNC_disabled --subsystem=MSS"
16019141385,MEM_HBASE-001-native-SNC2,"python harness_main.py --test_config volatile-hbase.json --test GenericWorkload wl_test_name=hbase-001 extra_json_params=""[_main_test,stage_run_Hbase,--test=HBASE-001]"" bios_knobs_cfg=SNC2 --subsystem=MSS"
16019141408,MEM_HBASE-001-native-SNC_disabled,"python harness_main.py --test_config volatile-hbase.json --test GenericWorkload wl_test_name=hbase-001 extra_json_params=""[_main_test,stage_run_Hbase,--test=HBASE-001]"" bios_knobs_cfg=SNC_disabled --subsystem=MSS"
16019156496,MEM_HBASE-002-native-SNC2,"python harness_main.py --test_config volatile-hbase.json --test GenericWorkload wl_test_name=hbase-002 extra_json_params=""[_main_test,stage_run_Hbase,--test=HBASE-002]"" bios_knobs_cfg=SNC2 --subsystem=MSS"
16019156526,MEM_HBASE-002-native-SNC_disabled,"python harness_main.py --test_config volatile-hbase.json --test GenericWorkload wl_test_name=hbase-002 extra_json_params=""[_main_test,stage_run_Hbase,--test=HBASE-002]"" bios_knobs_cfg=SNC_disabled --subsystem=MSS"
16019655075,DM_MEM_MEMORY_SPLIT-native-SNC2,python harness_main.py --test MixedWorkload sync_tools=dm_mem test_config_dm=mem_wl_mix_mem_split.cfg  test_name=mem_wl_mix_mem_split  bios_knobs_cfg=SNC2 --regular_itp_unlock --machinecheckbreak --subsystem=MSS
16019655077,DM_MEM_MEMORY_SPLIT-native-SNC_disabled,python harness_main.py --test MixedWorkload sync_tools=dm_mem test_config_dm=mem_wl_mix_mem_split.cfg  test_name=mem_wl_mix_mem_split  bios_knobs_cfg=SNC_disabled --regular_itp_unlock --machinecheckbreak --subsystem=MSS
16019734998,DM_MEM_THREAD_SPLIT_RESET-native-SNC_disabled,python harness_main.py --test MixedWorkload test_config_dm=reset_mem_wl_thread_split.cfg reset_flag=True sync_tools=dm_mem test_name=reset_mem_wl_thread_split bios_knobs_cfg=SNC_disabled --subsystem=MSS
16019735111,DM_MEM_THREAD_SPLIT_RESET-native-SNC2,python harness_main.py --test MixedWorkload test_config_dm=reset_mem_wl_thread_split.cfg reset_flag=True sync_tools=dm_mem test_name=reset_mem_wl_thread_split bios_knobs_cfg=SNC2 --subsystem=MSS
16019889040,DM_MEM_MEMORY_SPLIT_RESET-native-SNC_disabled,python harness_main.py --test MixedWorkload sync_tools=dm_mem test_config_dm=reset_mem_wl_mem_split.cfg reset_flag=True test_name=reset_mem_wl_mem_split bios_knobs_cfg=SNC_disabled --subsystem=MSS
16019889083,DM_MEM_MEMORY_SPLIT_RESET-native-SNC2,python harness_main.py --test MixedWorkload sync_tools=dm_mem test_config_dm=reset_mem_wl_mem_split.cfg reset_flag=True test_name=reset_mem_wl_mem_split bios_knobs_cfg=SNC2 --subsystem=MSS
16019989472,Rowhammer-native-default-5600,python harness_main.py --test MixedWorkload sync_tools=rowhammer  test_config_dm=EMR_rowhammer.txt test_name=rowhammer bios_knobs_cfg=DddrFreq_5600 --regular_itp_unlock --skip_init_cmos --machinecheckbreak --subsystem=MSS
16020488021,Rowhammer-native-default-4800,python harness_main.py --test MixedWorkload sync_tools=rowhammer test_config_dm=EMR_rowhammer.txt test_name=rowhammer bios_knobs_cfg=DddrFreq_4800 --regular_itp_unlock --skip_init_cmos --machinecheckbreak --subsystem=MSS
16020645474,DM_MEM_LOCK_STRESS_RESET-native-SNC_disabled,python harness_main.py --test MixedWorkload sync_tools=dm_mem test_config_dm=reset_mem_lock_stress_split.cfg reset_flag=True test_name=reset_mem_lock_stress_split bios_knobs_cfg=SNC_disabled --subsystem=MSS
16020645487,DM_MEM_LOCK_STRESS_RESET-native-SNC2,python harness_main.py --test MixedWorkload sync_tools=dm_mem test_config_dm=reset_mem_lock_stress_split.cfg reset_flag=True test_name=reset_mem_lock_stress_split bios_knobs_cfg=SNC2 --subsystem=MSS
16020837325,DM_MEM_MEMORY_SPLIT_PM-native-SNC_disabled,python harness_main.py --test MixedWorkload sync_tools=dm_mem test_config_dm=pm_mem_wl_mix_mem_split.cfg  test_name=pm_mem_wl_mix_mem_split  bios_knobs_cfg=SNC_disabled --regular_itp_unlock --machinecheckbreak --subsystem=MSS
16020837326,DM_MEM_MEMORY_SPLIT_PM-native-SNC2,python harness_main.py --test MixedWorkload sync_tools=dm_mem test_config_dm=pm_mem_wl_mix_mem_split.cfg  test_name=pm_mem_wl_mix_mem_split  bios_knobs_cfg=SNC2 --regular_itp_unlock --machinecheckbreak --subsystem=MSS
16020903401,DM_MEM_THREAD_SPLIT_PM-native-SNC2,python harness_main.py --test MixedWorkload sync_tools=dm_mem test_config_dm=pm_mem_wl_mix_thread_split.cfg  test_name=pm_mem_wl_mix_thread_split  bios_knobs_cfg=SNC2 --regular_itp_unlock --machinecheckbreak --subsystem=MSS
16020903402,DM_MEM_LOCK_STRESS_PM-native-SNC2,python harness_main.py --test MixedWorkload sync_tools=dm_mem bios_knobs_cfg=SNC2 test_config_dm=pm_mem_lock_stress.cfg test_name=pm_mem_lock_stress --regular_itp_unlock --machinecheckbreak --subsystem=MSS
16020903403,DM_MEM_LOCK_STRESS_PM-native-SNC_disabled,python harness_main.py --test MixedWorkload sync_tools=dm_mem bios_knobs_cfg=SNC_disabled test_config_dm=pm_mem_lock_stress.cfg test_name=pm_mem_lock_stress --regular_itp_unlock --machinecheckbreak --subsystem=MSS
16020903404,DM_MEM_THREAD_SPLIT_PM-native-SNC_disabled,python harness_main.py --test MixedWorkload sync_tools=dm_mem test_config_dm=pm_mem_wl_mix_thread_split.cfg  test_name=pm_mem_wl_mix_thread_split  bios_knobs_cfg=SNC_disabled --regular_itp_unlock --machinecheckbreak --subsystem=MSS
16020975046,DM_VM_MEM_LOCAL_REMOTE_MEMORY_MIX-native-SNC_disabled,"python harness_main.py --test MixedWorkload sync_tools=mlc,dm_mem test_config_dm=vm_local_remote_mem_mix.cfg  test_name=vm_local_remote_mem_mix  bios_knobs_cfg=SNC_disabled --regular_itp_unlock --machinecheckbreak --subsystem=MSS"
16021213644,RANDOM_RESET_MRC_SLOWBOOTCOLD-native-SNC_disabled,"python harness_main.py --test RANDOM_RESET_MRC_SLOWBOOTCOLD bios_knobs_cfg=SNC_disabled bios_knobs=AttemptFastBoot:0x0,AttemptFastBootCold:0x0 --subsystem=MSS"
16021213703,RANDOM_RESET_MRC_SLOWBOOTCOLD -native-SNC2,"python harness_main.py --test RANDOM_RESET_MRC_SLOWBOOTCOLD bios_knobs_cfg=SNC2 bios_knobs=AttemptFastBoot:0x0,AttemptFastBootCold:0x0 --subsystem=MSS"
16021251171,DM_MEM_RANDOM_MIX_IIO-native-SNC_disabled,python harness_main.py --test MixedWorkload test_config_dm=mem_random_mix_iio.cfg  test_name=MEM_RANDOM_MIX_IIO  bios_knobs_cfg=SNC_disabled --regular_itp_unlock --machinecheckbreak --subsystem=MSS
16021251486,DM_MEM_RANDOM_MIX_IIO-native-SNC2,python harness_main.py --test MixedWorkload test_config_dm=mem_random_mix_iio.cfg  test_name=MEM_RANDOM_MIX_IIO  bios_knobs_cfg=SNC2 --regular_itp_unlock --machinecheckbreak --subsystem=MSS
16023160069,Advance_Mem_Test with good dimms,python harness_main.py --test MixedWorkload test_config_dm=adv_mem_test_emr.cfg reset_flag=True test_name=Advance_mem_test --subsystem=MSS
18014948731,MEM_THERM-MEMTRIP_Event-L,python harness_main.py --test MEM_TRIP bios_knobs=MemTripReporting:0x1 --subsystem=MSS
18014948736,MEM_THERM-2x_Refresh_Mode-L,python harness_main.py --test 2X_REFRESH_MODE bios_knobs=MemTripReporting:0x1 --subsystem=MSS
18014948738,MEM_THERM-Memory_CLTT-L,python harness_main.py --test MEMORY_CLTT bios_knobs=MemTripReporting:0x1 --subsystem=MSS
22013744898,MEM_THERM-External_MEMHOT_Event-L,python harness_main.py --test EXTERNAL_MEMHOT bios_knobs=MemHotIn:0x1 --subsystem=MSS
22013943942,MEM_THERM-Memory_CLTT_with_PECI-L,python harness_main.py --test MEMORY_CLTT_PECI --subsystem=MSS
22014629450,MEM_THERM-Default_2x_Refresh_Mode-L,python harness_main.py --test 2X_REFRESH_ONLY --subsystem=MSS
22014695601,MEM_MLC-007-native-SNC2,"python harness_main.py --test_config MEM-MLC.JSON --test GenericWorkload wl_test_name=MEM-MLC-007 extra_json_params=""[_main_test,stage_run_mlc,--test=MEM-MLC-007]"" bios_knobs_cfg=SNC2 --subsystem=MSS"
22014695604,MEM_MLC-003-native-SNC_disabled,"python harness_main.py --test_config MEM-MLC.JSON --test GenericWorkload wl_test_name=MEM-MLC-003 extra_json_params=""[_main_test,stage_run_mlc,--test=MEM-MLC-003]"" bios_knobs_cfg=SNC_disabled --subsystem=MSS"
22014695606,MEM_MLC-018-native-SNC2,"python harness_main.py --test_config MEM-MLC.JSON --test GenericWorkload wl_test_name=MEM-MLC-018 extra_json_params=""[_main_test,stage_run_mlc,--test=MEM-MLC-018]"" bios_knobs_cfg=SNC2 --subsystem=MSS"
22014695644,MEM_MLC-014-native-SNC_disabled,"python harness_main.py --test_config MEM-MLC.JSON --test GenericWorkload wl_test_name=MEM-MLC-014 extra_json_params=""[_main_test,stage_run_mlc,--test=MEM-MLC-014]"" bios_knobs_cfg=SNC_disabled --subsystem=MSS"
22014695658,MEM_MLC-003-native-SNC2,"python harness_main.py --test_config MEM-MLC.JSON --test GenericWorkload wl_test_name=MEM-MLC-003 extra_json_params=""[_main_test,stage_run_mlc,--test=MEM-MLC-003]"" bios_knobs_cfg=SNC2 --subsystem=MSS"
22014695688,MEM_MLC-014-native-SNC2,"python harness_main.py --test_config MEM-MLC.JSON --test GenericWorkload wl_test_name=MEM-MLC-014 extra_json_params=""[_main_test,stage_run_mlc,--test=MEM-MLC-014]"" bios_knobs_cfg=SNC2 --subsystem=MSS"
22014695697,MEM_MLC-017-native-SNC_disabled,"python harness_main.py --test_config MEM-MLC.JSON --test GenericWorkload wl_test_name=MEM-MLC-017 extra_json_params=""[_main_test,stage_run_mlc,--test=MEM-MLC-017]"" bios_knobs_cfg=SNC_disabled --subsystem=MSS"
22014695705,MEM_MLC-006-native-SNC_disabled,"python harness_main.py --test_config MEM-MLC.JSON --test GenericWorkload wl_test_name=MEM-MLC-006 extra_json_params=""[_main_test,stage_run_mlc,--test=MEM-MLC-006]"" bios_knobs_cfg=SNC_disabled --subsystem=MSS"
22014695707,MEM_MLC-013-native-SNC_disabled,"python harness_main.py --test_config MEM-MLC.JSON --test GenericWorkload wl_test_name=MEM-MLC-013 extra_json_params=""[_main_test,stage_run_mlc,--test=MEM-MLC-013]"" bios_knobs_cfg=SNC_disabled --subsystem=MSS"
22014695716,MEM_MLC-009-native-SNC_disabled,"python harness_main.py --test_config MEM-MLC.JSON --test GenericWorkload wl_test_name=MEM-MLC-009 extra_json_params=""[_main_test,stage_run_mlc,--test=MEM-MLC-009]"" bios_knobs_cfg=SNC_disabled --subsystem=MSS"
22014695728,MEM_MLC-017-native-SNC2,"python harness_main.py --test_config MEM-MLC.JSON --test GenericWorkload wl_test_name=MEM-MLC-017 extra_json_params=""[_main_test,stage_run_mlc,--test=MEM-MLC-017]"" bios_knobs_cfg=SNC2 --subsystem=MSS"
22014695737,MEM_MLC-006-native-SNC2,"python harness_main.py --test_config MEM-MLC.JSON --test GenericWorkload wl_test_name=MEM-MLC-006 extra_json_params=""[_main_test,stage_run_mlc,--test=MEM-MLC-006]"" bios_knobs_cfg=SNC2 --subsystem=MSS"
22014695762,MEM_MLC-002-native-SNC_disabled,"python harness_main.py --test_config MEM-MLC.JSON --test GenericWorkload wl_test_name=MEM-MLC-002 extra_json_params=""[_main_test,stage_run_mlc,--test=MEM-MLC-002]"" bios_knobs_cfg=SNC_disabled --subsystem=MSS"
22014695763,MEM_MLC-013-native-SNC2,"python harness_main.py --test_config MEM-MLC.JSON --test GenericWorkload wl_test_name=MEM-MLC-013 extra_json_params=""[_main_test,stage_run_mlc,--test=MEM-MLC-013]"" bios_knobs_cfg=SNC2 --subsystem=MSS"
22014695766,MEM_MLC-002-native-SNC2,"python harness_main.py --test_config MEM-MLC.JSON --test GenericWorkload wl_test_name=MEM-MLC-002 extra_json_params=""[_main_test,stage_run_mlc,--test=MEM-MLC-002]"" bios_knobs_cfg=SNC2 --subsystem=MSS"
22014695787,MEM_MLC-009-native-SNC2,"python harness_main.py --test_config MEM-MLC.JSON --test GenericWorkload wl_test_name=MEM-MLC-009 extra_json_params=""[_main_test,stage_run_mlc,--test=MEM-MLC-009]"" bios_knobs_cfg=SNC2 --subsystem=MSS"
22014695801,MEM_MLC-008-native-SNC_disabled,"python harness_main.py --test_config MEM-MLC.JSON --test GenericWorkload wl_test_name=MEM-MLC-008 extra_json_params=""[_main_test,stage_run_mlc,--test=MEM-MLC-008]"" bios_knobs_cfg=SNC_disabled --subsystem=MSS"
22014695806,MEM_MLC-016-native-SNC_disabled,"python harness_main.py --test_config MEM-MLC.JSON --test GenericWorkload wl_test_name=MEM-MLC-016 extra_json_params=""[_main_test,stage_run_mlc,--test=MEM-MLC-016]"" bios_knobs_cfg=SNC_disabled --subsystem=MSS"
22014695808,MEM_MLC-005-native-SNC_disabled,"python harness_main.py --test_config MEM-MLC.JSON --test GenericWorkload wl_test_name=MEM-MLC-005 extra_json_params=""[_main_test,stage_run_mlc,--test=MEM-MLC-005]"" bios_knobs_cfg=SNC_disabled --subsystem=MSS"
22014695813,MEM_MLC-015-native-SNC_disabled,"python harness_main.py --test_config MEM-MLC.JSON --test GenericWorkload wl_test_name=MEM-MLC-015 extra_json_params=""[_main_test,stage_run_mlc,--test=MEM-MLC-015]"" bios_knobs_cfg=SNC_disabled --subsystem=MSS"
22014695834,MEM_MLC-007-native-SNC_disabled,"python harness_main.py --test_config MEM-MLC.JSON --test GenericWorkload wl_test_name=MEM-MLC-007 extra_json_params=""[_main_test,stage_run_mlc,--test=MEM-MLC-007]"" bios_knobs_cfg=SNC_disabled --subsystem=MSS"
22014695844,MEM_MLC-001-native-SNC_disabled,"python harness_main.py --subsystem=MSS --test_config MEM-MLC.JSON --test GenericWorkload wl_test_name=MEM-MLC-001 extra_json_params=""[_main_test,stage_run_mlc,--test=MEM-MLC-001]"" bios_knobs_cfg=SNC_disabled"
22014695852,MEM_MLC-004-native-SNC_disabled,"python harness_main.py --test_config MEM-MLC.JSON --test GenericWorkload wl_test_name=MEM-MLC-004 extra_json_params=""[_main_test,stage_run_mlc,--test=MEM-MLC-004]"" bios_knobs_cfg=SNC_disabled --subsystem=MSS"
22014695853,MEM_MLC-005-native-SNC2,"python harness_main.py --test_config MEM-MLC.JSON --test GenericWorkload wl_test_name=MEM-MLC-005 extra_json_params=""[_main_test,stage_run_mlc,--test=MEM-MLC-005]"" bios_knobs_cfg=SNC2 --subsystem=MSS"
22014695855,MEM_MLC-008-native-SNC2,"python harness_main.py --test_config MEM-MLC.JSON --test GenericWorkload wl_test_name=MEM-MLC-008 extra_json_params=""[_main_test,stage_run_mlc,--test=MEM-MLC-008]"" bios_knobs_cfg=SNC2 --subsystem=MSS"
22014695859,MEM_MLC-016-native-SNC2,"python harness_main.py --test_config MEM-MLC.JSON --test GenericWorkload wl_test_name=MEM-MLC-016 extra_json_params=""[_main_test,stage_run_mlc,--test=MEM-MLC-016]"" bios_knobs_cfg=SNC2 --subsystem=MSS"
22014695898,MEM_MLC-015-native-SNC2,"python harness_main.py --test_config MEM-MLC.JSON --test GenericWorkload wl_test_name=MEM-MLC-015 extra_json_params=""[_main_test,stage_run_mlc,--test=MEM-MLC-015]"" bios_knobs_cfg=SNC2 --subsystem=MSS"
22014695901,MEM_MLC-018-native-SNC_disabled,"python harness_main.py --test_config MEM-MLC.JSON --test GenericWorkload wl_test_name=MEM-MLC-018 extra_json_params=""[_main_test,stage_run_mlc,--test=MEM-MLC-018]"" bios_knobs_cfg=SNC_disabled --subsystem=MSS"
22014695908,MEM_MLC-001-native-SNC2,"python harness_main.py --test_config MEM-MLC.JSON --test GenericWorkload wl_test_name=MEM-MLC-001 extra_json_params=""[_main_test,stage_run_mlc,--test=MEM-MLC-001]"" bios_knobs_cfg=SNC2 --subsystem=MSS"
22014695947,MEM_MLC-004-native-SNC2,"python harness_main.py --test_config MEM-MLC.JSON --test GenericWorkload wl_test_name=MEM-MLC-004 extra_json_params=""[_main_test,stage_run_mlc,--test=MEM-MLC-004]"" bios_knobs_cfg=SNC2 --subsystem=MSS"
22014722230,MEM_MPRIME-001-native-SNC_disabled,"python harness_main.py --subsystem=MSS --test_config MEM-MPRIME.JSON --test GenericWorkload wl_test_name=MEM-MPRIME-001 extra_json_params=""[_main_test,stage_run_mprime,--test=MEM-MPRIME-001]"" bios_knobs_cfg=SNC_disabled"
22014722239,MEM_MPRIME-001-native-SNC2,"python harness_main.py --subsystem=MSS --test_config MEM-MPRIME.JSON --test GenericWorkload wl_test_name=MEM-MPRIME-001 extra_json_params=""[_main_test,stage_run_mprime,--test=MEM-MPRIME-001]"" bios_knobs_cfg=SNC2"
22014730187,MEM_MLC-MIX-101-native-SNC2,"python harness_main.py --subsystem=MSS --test_config MIX-MLC.JSON --test GenericWorkload wl_test_name=MIX-MLC-101 extra_json_params=""[_main_test,stage_run_mixmlc,--test=MIX-MLC-101]"" bios_knobs_cfg=SNC2"
22014730188,MEM_MLC-MIX-101-native-SNC_disabled,"python harness_main.py --subsystem=MSS --test_config MIX-MLC.JSON --test GenericWorkload wl_test_name=MIX-MLC-101 extra_json_params=""[_main_test,stage_run_mixmlc,--test=MIX-MLC-101]"" bios_knobs_cfg=SNC_disabled"
22014730195,MEM_MLC-MIX-101-native-HEMI,"python harness_main.py --subsystem=MSS --test_config MIX-MLC.JSON --test GenericWorkload wl_test_name=MIX-MLC-101 extra_json_params=""[_main_test,stage_run_mixmlc,--test=MIX-MLC-101]"" bios_knobs_cfg=HEMI"
22014730207,MEM_MLC-MIX-101-native-SNC4,"python harness_main.py --subsystem=MSS  --test_config MIX-MLC.JSON --test GenericWorkload wl_test_name=MIX-MLC-101 extra_json_params=""[_main_test,stage_run_mixmlc,--test=MIX-MLC-101]"" bios_knobs_cfg=SNC4"
22014759142,MEM_STRESSAPPTEST-003-native-SNC_disabled,"python harness_main.py --test_config MEM-STRESSAPPTEST.JSON --test GenericWorkload wl_test_name=MEM-STRESSAPPTEST-003 extra_json_params=""[_main_test,stage_run_stressapptest,--test=MEM-STRESSAPPTEST-003]"" bios_knobs_cfg=SNC_disabled --subsystem=MSS"
22014759143,MEM_STRESSAPPTEST-002-native-SNC2,"python harness_main.py --test_config MEM-STRESSAPPTEST.JSON --test GenericWorkload wl_test_name=MEM-STRESSAPPTEST-002 extra_json_params=""[_main_test,stage_run_stressapptest,--test=MEM-STRESSAPPTEST-002]"" bios_knobs_cfg=SNC2 --subsystem=MSS"
22014759146,MEM_STRESSAPPTEST-003-native-HEMI,"python harness_main.py --test_config MEM-STRESSAPPTEST.JSON --test GenericWorkload wl_test_name=MEM-STRESSAPPTEST-003 extra_json_params=""[_main_test,stage_run_stressapptest,--test=MEM-STRESSAPPTEST-003]"" bios_knobs_cfg=HEMI --subsystem=MSS"
22014759154,MEM_STRESSAPPTEST-001-native-SNC4,"python harness_main.py --test_config MEM-STRESSAPPTEST.JSON --test GenericWorkload wl_test_name=MEM-STRESSAPPTEST-001 extra_json_params=""[_main_test,stage_run_stressapptest,--test=MEM-STRESSAPPTEST-001]""  bios_knobs_cfg=SNC4 --subsystem=MSS"
22014759170,MEM_STRESSAPPTEST-004-native-SNC4,"python harness_main.py --test_config MEM-STRESSAPPTEST.JSON --test GenericWorkload wl_test_name=MEM-STRESSAPPTEST-004 extra_json_params=""[_main_test,stage_run_stressapptest,--test=MEM-STRESSAPPTEST-004]""  bios_knobs_cfg=SNC4 --subsystem=MSS"
22014759199,MEM_STRESSAPPTEST-003-native-SNC2,"python harness_main.py --test_config MEM-STRESSAPPTEST.JSON --test GenericWorkload wl_test_name=MEM-STRESSAPPTEST-003 extra_json_params=""[_main_test,stage_run_stressapptest,--test=MEM-STRESSAPPTEST-003]"" bios_knobs_cfg=SNC2 --subsystem=MSS"
22014759202,MEM_STRESSAPPTEST-001-native-SNC_disabled,"python harness_main.py --test_config MEM-STRESSAPPTEST.JSON --test GenericWorkload wl_test_name=MEM-STRESSAPPTEST-001 extra_json_params=""[_main_test,stage_run_stressapptest,--test=MEM-STRESSAPPTEST-001]"" bios_knobs_cfg=SNC_disabled --subsystem=MSS"
22014759203,MEM_STRESSAPPTEST-002-native-SNC_disabled,"python harness_main.py --test_config MEM-STRESSAPPTEST.JSON --test GenericWorkload wl_test_name=MEM-STRESSAPPTEST-002 extra_json_params=""[_main_test,stage_run_stressapptest,--test=MEM-STRESSAPPTEST-002]"" bios_knobs_cfg=SNC_disabled --subsystem=MSS"
22014759204,MEM_STRESSAPPTEST-001-native-HEMI,"python harness_main.py --test_config MEM-STRESSAPPTEST.JSON --test GenericWorkload wl_test_name=MEM-STRESSAPPTEST-001 extra_json_params=""[_main_test,stage_run_stressapptest,--test=MEM-STRESSAPPTEST-001]"" bios_knobs_cfg=HEMI --subsystem=MSS"
22014759214,MEM_STRESSAPPTEST-004-native-SNC_disabled,"python harness_main.py --test_config MEM-STRESSAPPTEST.JSON --test GenericWorkload wl_test_name=MEM-STRESSAPPTEST-004 extra_json_params=""[_main_test,stage_run_stressapptest,--test=MEM-STRESSAPPTEST-004]"" bios_knobs_cfg=SNC_disabled --subsystem=MSS"
22014759220,MEM_STRESSAPPTEST-001-native-SNC2,"python harness_main.py --test_config MEM-STRESSAPPTEST.JSON --test GenericWorkload wl_test_name=MEM-STRESSAPPTEST-001 extra_json_params=""[_main_test,stage_run_stressapptest,--test=MEM-STRESSAPPTEST-001]"" bios_knobs_cfg=SNC2 --subsystem=MSS"
22014759226,MEM_STRESSAPPTEST-004-native-SNC2,"python harness_main.py --test_config MEM-STRESSAPPTEST.JSON --test GenericWorkload wl_test_name=MEM-STRESSAPPTEST-004 extra_json_params=""[_main_test,stage_run_stressapptest,--test=MEM-STRESSAPPTEST-004]"" bios_knobs_cfg=SNC2 --subsystem=MSS"
22014807546,MEM_EV_SPR_DDR5_RMT_SLOW_WARM_RESET_4000,python harness_main.py --test BSSA_RMT_WARM_RESET bdat=False bios_knobs_cfg=rmt_EMR_4000_Slow rmt_reset_count=10 --subsystem=MSS
22014807556,MEM_EV_SPR_DDR5_RMT_SLOW_WARM_RESET_4400,python harness_main.py --test BSSA_RMT_WARM_RESET bdat=False bios_knobs_cfg=rmt_EMR_4400_Slow rmt_reset_count=10 --subsystem=MSS
22015772985,MEM_MLC-019-native-SNC_disabled,"python harness_main.py --test_config MEM-MLC.JSON --test GenericWorkload wl_test_name=MEM-MLC-019 extra_json_params=""[_main_test,stage_run_mlc,--test=MEM-MLC-019]"" bios_knobs_cfg=SNC_disabled --subsystem=MSS"
22015773028,MEM_MLC-019-native-SNC2,"python harness_main.py --test_config MEM-MLC.JSON --test GenericWorkload wl_test_name=MEM-MLC-019 extra_json_params=""[_main_test,stage_run_mlc,--test=MEM-MLC-019]"" bios_knobs_cfg=SNC2 --subsystem=MSS"
22015834284,CACHE_MLC-C2C-004-native-SNC2,"python harness_main.py --subsystem=MSS --test_config C2C-MLC.JSON --test GenericWorkload wl_test_name=C2C-MLC-004 extra_json_params=""[_main_test,stage_run_c2cmlc,--test=C2C-MLC-004]"" bios_knobs_cfg=SNC2"
22015834293,CACHE_MLC-C2C-001-native-SNC_disabled,"python harness_main.py --subsystem=MSS --test_config C2C-MLC.JSON --test GenericWorkload wl_test_name=C2C-MLC-001 extra_json_params=""[_main_test,stage_run_c2cmlc,--test=C2C-MLC-001]"" bios_knobs_cfg=SNC_disabled"
22015834294,CACHE_MLC-C2C-003-native-SNC2,"python harness_main.py --subsystem=MSS --test_config C2C-MLC.JSON --test GenericWorkload wl_test_name=C2C-MLC-003 extra_json_params=""[_main_test,stage_run_c2cmlc,--test=C2C-MLC-003]"" bios_knobs_cfg=SNC2"
22015834328,CACHE_MLC-C2C-002-native-SNC2,"python harness_main.py --subsystem=MSS --test_config C2C-MLC.JSON --test GenericWorkload wl_test_name=C2C-MLC-002 extra_json_params=""[_main_test,stage_run_c2cmlc,--test=C2C-MLC-002]"" bios_knobs_cfg=SNC2"
22015834331,CACHE_MLC-C2C-005-native-SNC_disabled,"python harness_main.py --subsystem=MSS --test_config C2C-MLC.JSON --test GenericWorkload wl_test_name=C2C-MLC-005 extra_json_params=""[_main_test,stage_run_c2cmlc,--test=C2C-MLC-005]"" bios_knobs_cfg=SNC_disabled"
22015834351,CACHE_MLC-C2C-004-native-SNC_disabled,"python harness_main.py --subsystem=MSS --test_config C2C-MLC.JSON --test GenericWorkload wl_test_name=C2C-MLC-004 extra_json_params=""[_main_test,stage_run_c2cmlc,--test=C2C-MLC-004]"" bios_knobs_cfg=SNC_disabled"
22015834359,CACHE_MLC-C2C-003-native-SNC_disabled,"python harness_main.py --subsystem=MSS --test_config C2C-MLC.JSON --test GenericWorkload wl_test_name=C2C-MLC-003 extra_json_params=""[_main_test,stage_run_c2cmlc,--test=C2C-MLC-003]"" bios_knobs_cfg=SNC_disabled"
22015834371,CACHE_MLC-C2C-001-native-SNC2,"python harness_main.py --subsystem=MSS --test_config C2C-MLC.JSON --test GenericWorkload wl_test_name=C2C-MLC-001 extra_json_params=""[_main_test,stage_run_c2cmlc,--test=C2C-MLC-001]"" bios_knobs_cfg=SNC2"
22015834394,CACHE_MLC-C2C-005-native-SNC2,"python harness_main.py --subsystem=MSS --test_config C2C-MLC.JSON --test GenericWorkload wl_test_name=C2C-MLC-005 extra_json_params=""[_main_test,stage_run_c2cmlc,--test=C2C-MLC-005]"" bios_knobs_cfg=SNC2"
22015834418,CACHE_MLC-C2C-002-native-SNC_disabled,"python harness_main.py --subsystem=MSS --test_config C2C-MLC.JSON --test GenericWorkload wl_test_name=C2C-MLC-001 extra_json_params=""[_main_test,stage_run_c2cmlc,--test=C2C-MLC-002]"" bios_knobs_cfg=SNC_disabled"
22015922075,CACHE_MLC-C2C-006-native-SNC_disabled,"python harness_main.py --subsystem=MSS  --test_config C2C-MLC.JSON --test GenericWorkload wl_test_name=C2C-MLC-006 extra_json_params=""[_main_test,stage_run_c2cmlc,--test=C2C-MLC-006]"" bios_knobs_cfg=SNC_disabled"
22015922087,CACHE_MLC-C2C-006-native-SNC2,"python harness_main.py --subsystem=MSS --test_config C2C-MLC.JSON --test GenericWorkload wl_test_name=C2C-MLC-006 extra_json_params=""[_main_test,stage_run_c2cmlc,--test=C2C-MLC-006]"" bios_knobs_cfg=SNC2"
22015922088,CACHE_MLC-C2C-007-native-SNC_disabled,"python harness_main.py --subsystem=MSS --test_config C2C-MLC.JSON --test GenericWorkload wl_test_name=C2C-MLC-007 extra_json_params=""[_main_test,stage_run_c2cmlc,--test=C2C-MLC-007]"" bios_knobs_cfg=SNC_disabled"
22015922094,CACHE_MLC-C2C-007-native-SNC2,"python harness_main.py --subsystem=MSS --test_config C2C-MLC.JSON --test GenericWorkload wl_test_name=C2C-MLC-007 extra_json_params=""[_main_test,stage_run_c2cmlc,--test=C2C-MLC-007]"" bios_knobs_cfg=SNC2"
22016637808,DM_MEM_THREAD_SPLIT-native-SNC2,python harness_main.py  --subsystem=MSS --test MixedWorkload sync_tools=dm_mem test_config_dm=mem_wl_mix_thread_split.cfg test_name=mem_wl_mix_thread_split  bios_knobs_cfg=SNC2 --machinecheckbreak
22016691537,DM_MEM_LOCK_STRESS-native-SNC2,python harness_main.py --subsystem=MSS --test MixedWorkload bios_knobs_cfg=SNC2 sync_tools=dm_mem test_config_dm=mem_lock_stress.cfg test_name=mem_lock_stress --regular_itp_unlock --machinecheckbreak
14015332658,PM_Performance_[All cores in C0 idle]_2S_4S_Linux,python harness_main.py --test ACTIVEIDLE_C0_ALL_CORE_LINUX ptu_runtime=180 --subsystem=PMSS
16013463099,Power Management - Validation of ProcessorC1e BIOS configuration,python harness_main.py --test PROCESSOR_C1E --subsystem=PMSS
18014069745,Power Management - ACPI - Device Check After System Idle For Long Time,python harness_main.py --test EXTENDED_CSTATE_WIN pciehotplug_knob=True targetc6=95 target_pc6=80 idle_time=48 --loop=1 --subsystem=PMSS
18014069910,Power Management - ACPI C-States on Linux,python harness_main.py --test CSTATE_LINUX targetc6=90 os_power_policy=balance_performance --subsystem=PMSS
18014070036,Power Management - Idle - SUT Transition From Idle to Normal Operating State,python harness_main.py --test EXT_CSTATE_LINUX pciehotplug_knob=True idle_time=48 targetc6=95 target_pc6=80 os_power_policy=balance_performance --loops 1 --subsystem=PMSS
18014889005,Power Management - C-states with ACP,python harness_main.py --test CSTATE_ACP os_power_policy=balance_performance --subsystem=PMSS
18014889030,Power Management - Idle state power measurement,python harness_main.py --test IDLE_STATE_POWER_MEASURE power=100 os_power_policy=balance_performance --subsystem=PMSS
18014889037,Power Management - Validation of Fast C1e,python harness_main.py --test FAST_C1E --subsystem=PMSS
15010156153,FISHER Correctable - Memory Sparing Memory Stress,python harness_main.py --test FISHER_Correctable_Memory_ADDDC_Memory_Stress_15010156153 --subsystem=RAS
15013319447,Boot-time Soft Post Package repair (sPPR),NO COMMAND LINE
14018159654,[IPU][RAS] SMBus Hang Recovery functionality,MANUAL TEST
15010156057,Memory ECC Correctable Stress   Multi,python harness_main.py --test FISHER_Correctable_Memory_ECC_Correctable_Stress_Multi_15010156057 --subsystem=RAS
15010160176,Full Memory Mirroring -   Correctable Mix - Partial Writes and Data Verfication,python harness_main.py --test FISHER_Redundancy_Full_Memory_Mirroring_Correctable_Mix_Partial_Writes_and_Data_Verfication_15010160176 --subsystem=RAS
15010158389,FISHER Correctable - Memory Patrol Scrub Correctable Injection,python harness_main.py --test FISHER_Correctable_Memory_Patrol_Scrub_Correctable_Injection_15010158389 --subsystem=RAS
15010158464,FISHER Correctable - Memory PFD Permanent Correctables + Dual Device,python harness_main.py --test FISHER_Correctable_Memory_PFD_Permanent_Correctables_+_Dual_Device_15010158464 --subsystem=RAS
15010158470,FISHER Correctable - Memory PFD Permanent UC,python harness_main.py --test FISHER_Correctable_Memory_PFD_PFD_Permanent_UC_15010158470 --subsystem=RAS
